{"cameraMode":{"drawMode":0,"name":"Shaded","section":"Shading Mode"},"sceneLighting":true,"audioPlay":false,"sceneViewState":{"m_AlwaysRefresh":false,"showFog":true,"showSkybox":true,"showFlares":true,"showImageEffects":true,"showParticleSystems":true,"showVisualEffectGraphs":true,"m_FxEnabled":true},"in2DMode":false,"pivot":{"x":-1.7695398330688477,"y":1.6328516006469727,"z":-5.291423797607422},"rotation":{"x":-0.14675956964492799,"y":0.7565430998802185,"z":-0.18178223073482514,"w":-0.6107856035232544},"size":10.632888793945313,"orthographic":false}